{"protocol-version":"1.0","general-settings":{"app-language":"ko","allow-acceptable-ads":false,"show-blocked-ads-count":true,"autodetect-filters":true,"safebrowsing-enabled":true,"filters-update-period":86400000},"extension-specific-settings":{"use-optimized-filters":false,"collect-hits-count":false,"show-context-menu":true,"show-info-about-adguard":true,"show-app-updated-info":true},"filters":{"enabled-groups":[1,2,3,4,5,6,7,0],"enabled-filters":[14,16,1,224,2,3,4,6,7,227,244],"custom-filters":[{"customUrl":"https://raw.githubusercontent.com/oh-yslim/LYS_AdB/master/LYS's%20Custom%20AdBlock%20List.txt","enabled":true,"title":"LYS's Custom AdBlock Plus List","trusted":true}],"user-filter":{"rules":"dcinside.com#?#div[class^=\"pop_wrap\"]\n||dcinside.com^https://mall./?from=A08&url=https%3A%2F%2Fdccon.dcinside.com\ndcinside.com##.btn_blue\n|mall.dcinside.com/?from=A08&url=https%3A%2F%2Fdccon.dcinside.com,domain=dcinside.com,third-party\n||https://mall.dcinside.com/?from=A08&url=https%3A%2F%2Fdccon.dcinside.com\nmall.dcinside.com###TOPTOON\n!*$domain=dcinside.com\n","disabled-rules":""},"whitelist":{"inverted":false,"domains":["www.evernote.com","www.hanatour.com","coolenjoy.net","item.gmarket.co.kr","lims2.iptime.org","limys.iptime.org","gbot.integrations.telegram.org","web.telegram.org","bgnkhhnnamicmpeenaelnjfhikgbkllg","m.mybox.naver.com","hwan-shell.tistory.com","mega.nz","cafe.daum.net","direct.kbinsure.co.kr","www.gsnpoint.com","gpxviewer.1bestlink.net","www.midomi.com"],"inverted-domains":[]}}}